<?xml version="1.0" encoding="UTF-8"?>
<wls:weblogic-web-app xmlns:wls="http://xmlns.oracle.com/weblogic/weblogic-web-app" xmlns:xsi="http://www.w3.org/2001/XMLSchema-instance" xsi:schemaLocation="http://java.sun.com/xml/ns/javaee http://java.sun.com/xml/ns/javaee/web-app_2_5.xsd http://xmlns.oracle.com/weblogic/weblogic-web-app http://xmlns.oracle.com/weblogic/weblogic-web-app/1.2/weblogic-web-app.xsd">

    <wls:weblogic-version>12.2.1.3</wls:weblogic-version>
    <wls:context-root>ADE</wls:context-root>
    <wls:session-descriptor>
        <wls:timeout-secs>3600</wls:timeout-secs>
        <wls:invalidation-interval-secs>3600</wls:invalidation-interval-secs>
        <wls:cookie-path>/ADE</wls:cookie-path>
        <wls:cookie-max-age-secs>3600</wls:cookie-max-age-secs>
         <wls:cookie-http-only>false</wls:cookie-http-only> 
    </wls:session-descriptor>
      <wls:container-descriptor>        
        <wls:prefer-application-packages>
            <wls:package-name>org.apache.commons.*</wls:package-name>
        </wls:prefer-application-packages>
    </wls:container-descriptor>
</wls:weblogic-web-app>