<?xml version="1.0" encoding="UTF-8"?>

<Configuration status="WARN">
	<Appenders>
		<Console name="console-log" target="SYSTEM_OUT">
			<PatternLayout
				pattern="[%-5level] %d{yyyy-MM-dd HH:mm:ss.SSS} [%t] %-5p %-17c{2} (%30F:%L) %3x - %msg%n" />
		</Console>
		<RollingFile name="trace-log" fileName="${path.log}/gui/bancarizzazioneGUI-trace.log"
			filePattern="${path.log}/gui/bancarizzazioneGUI-trace-%d{yyyy-MM-dd}-%i.log">
			<PatternLayout>
				<pattern>[%-5level] %d{yyyy-MM-dd HH:mm:ss.SSS} [%t] %-5p %-17c{2}
					(%30F:%L) %3x - %msg%n</pattern>
			</PatternLayout>
			<Policies>
				<TimeBasedTriggeringPolicy />
				<SizeBasedTriggeringPolicy size="10 MB" />
			</Policies>
			<DefaultRolloverStrategy max="10" />
		</RollingFile>
		<RollingFile name="error-log" fileName="${path.log}/gui/bancarizzazioneGUI-error.log"
			filePattern="${path.log}/gui/bancarizzazioneGUI-error-%d{yyyy-MM-dd}-%i.log">
			<PatternLayout>
				<pattern>[%-5level] %d{yyyy-MM-dd HH:mm:ss.SSS} [%t] %-5p %-17c{2}
					(%30F:%L) %3x - %msg%n</pattern>
			</PatternLayout>
			<Policies>
				<TimeBasedTriggeringPolicy />
				<SizeBasedTriggeringPolicy size="10 MB" />
			</Policies>
			<DefaultRolloverStrategy max="10" />
		</RollingFile>


	</Appenders>

	<Loggers>
		<Logger name="it.citel.postel" level="debug" additivity="false">
			<appender-ref ref="trace-log" level="debug" />
			<appender-ref ref="error-log" level="error" />
			<appender-ref ref="console-log" level="debug" />
		</Logger>
		<Logger name="org.springframework" level="debug" additivity="false">
			<appender-ref ref="trace-log" level="debug" />
			<appender-ref ref="error-log" level="error" />
			<appender-ref ref="console-log" level="debug" />
		</Logger>

		<Root level="debug" additivity="false">
			<AppenderRef ref="console-log" />
		</Root>
	</Loggers>
</Configuration>