<?xml version="1.0" encoding="UTF-8"?>
<beans:beans xmlns="http://www.springframework.org/schema/mvc"
	xmlns:mvc="http://www.springframework.org/schema/mvc" xmlns:xsi="http://www.w3.org/2001/XMLSchema-instance"
	xmlns:beans="http://www.springframework.org/schema/beans"
	xmlns:context="http://www.springframework.org/schema/context" xmlns:tx="http://www.springframework.org/schema/tx"
	xsi:schemaLocation="http://www.springframework.org/schema/mvc http://www.springframework.org/schema/mvc/spring-mvc.xsd
		http://www.springframework.org/schema/beans http://www.springframework.org/schema/beans/spring-beans.xsd
		http://www.springframework.org/schema/context http://www.springframework.org/schema/context/spring-context.xsd
		http://www.springframework.org/schema/tx http://www.springframework.org/schema/tx/spring-tx-4.0.xsd">

	<mvc:annotation-driven />

	<context:component-scan base-package="it.citel.postel.bancarizzazioneGUI" />
	<context:component-scan base-package="it.postel.bancarizzazioneGUI" />
<!-- 	<context:component-scan base-package="it.postel.spring" /> -->
	<mvc:resources mapping="/resources/**" location="/resources/" />
	<mvc:resources mapping="/WEB-INF/template/**" location="/WEB-INF/template/" />

	<beans:bean
		class="org.springframework.web.servlet.view.InternalResourceViewResolver">
		<beans:property name="prefix" value="/WEB-INF/template/pages/" />
		<beans:property name="suffix" value=".jsp" />
	</beans:bean>

</beans:beans>
